{"cameraMode":{"drawMode":0,"name":"Shaded","section":"Shading Mode"},"sceneLighting":true,"audioPlay":false,"sceneViewState":{"showFog":true,"showMaterialUpdate":false,"showSkybox":true,"showFlares":true,"showImageEffects":true,"showParticleSystems":true},"in2DMode":false,"pivot":{"x":1281.34765625,"y":836.7742919921875,"z":415.3387451171875},"rotation":{"x":0.0446721576154232,"y":0.022790679708123208,"z":-0.0010053605074062944,"w":0.9987545013427734},"size":3229.494873046875,"orthographic":false}